{
  "version": "v0.2.196",
  "layer": 196,
  "file_size": 1347674324,
  "download": {
    "start_time": 1741189314.651749,
    "end_time": 1741189573.557929,
    "time_taken": 258
  },
  "upload": {
    "start_time": 1741189573.557937,
    "end_time": 1741190321.653151,
    "time_taken": 748
  }
}
